mode,split,window_s,bin,range_db,n_windows,accuracy,accuracy_sd,null_mean,contribution,contribution_sd,folds_positive,n_folds
eeg,loso,5,0,3.0 to 10.0 dB,880,0.4113636363636364,0.0760260394712624,0.29142045454545457,0.11994318181818181,0.07327243736548784,16,16
eeg,loso,5,1,10.0 to 12.0 dB,528,0.29166666666666663,0.10213233911146032,0.22698863636363636,0.06467803030303029,0.10061895047662922,11,16
eeg,loso,5,2,12.0 to 14.0 dB,1056,0.47443181818181823,0.05812110893203467,0.3542613636363636,0.12017045454545455,0.05520037366603242,15,16
eeg,loso,5,3,14.0 to 18.0 dB,1056,0.4914772727272727,0.06603713398337552,0.37329545454545454,0.11818181818181817,0.07114610495795749,15,16
eeg,loso,10,0,3.0 to 10.0 dB,400,0.51,0.11874342087037917,0.279625,0.23037499999999997,0.11361386084012812,15,16
eeg,loso,10,1,10.0 to 12.0 dB,240,0.38749999999999996,0.1735555466638211,0.230625,0.156875,0.16548946236174006,13,16
eeg,loso,10,2,12.0 to 14.0 dB,480,0.5166666666666666,0.10606601717798211,0.31281249999999994,0.20385416666666667,0.08777678198055057,16,16
eeg,loso,10,3,14.0 to 18.0 dB,480,0.5375,0.10129371484286014,0.3145833333333333,0.22291666666666662,0.09256097839922729,16,16
eeg,loso,15,0,3.0 to 10.0 dB,240,0.5333333333333333,0.13944333775567924,0.27979166666666666,0.25354166666666667,0.15442306943912235,16,16
eeg,loso,15,1,10.0 to 12.0 dB,144,0.4444444444444444,0.16666666666666669,0.22881944444444444,0.21562499999999996,0.17078498355993685,14,16
eeg,loso,15,2,12.0 to 14.0 dB,288,0.5555555555555556,0.16896562584161723,0.2751736111111111,0.2803819444444444,0.178180069866003,15,16
eeg,loso,15,3,14.0 to 18.0 dB,288,0.5243055555555556,0.08994329060408764,0.25,0.2743055555555556,0.08499217011867319,16,16
eeg,loso,20,0,3.0 to 10.0 dB,160,0.58125,0.11301963325015701,0.2675,0.31375000000000003,0.12362367289479795,16,16
eeg,loso,20,1,10.0 to 12.0 dB,96,0.4479166666666667,0.25494246355250866,0.21822916666666667,0.2296875,0.24692499054340594,14,16
eeg,loso,20,2,12.0 to 14.0 dB,192,0.6145833333333333,0.1527383156105748,0.26458333333333334,0.35,0.15456030825826172,16,16
eeg,loso,20,3,14.0 to 18.0 dB,192,0.5208333333333333,0.1428261375083551,0.26302083333333337,0.2578125,0.1409900739586341,16,16
eeg,loso,30,0,3.0 to 10.0 dB,80,0.675,0.15612494995995999,0.27749999999999997,0.3975,0.1414876319683102,16,16
eeg,loso,30,1,10.0 to 12.0 dB,48,0.5625,0.2818281095514309,0.246875,0.315625,0.3194216099930553,15,16
eeg,loso,30,2,12.0 to 14.0 dB,96,0.59375,0.18604761561970576,0.26927083333333335,0.32447916666666665,0.17321682657991594,16,16
eeg,loso,30,3,14.0 to 18.0 dB,96,0.625,0.17179606773406922,0.22916666666666666,0.39583333333333337,0.15988819878624913,16,16
eeg_gaze,loso,5,0,3.0 to 10.0 dB,880,0.4784090909090909,0.1131295516412288,0.2849431818181818,0.19346590909090908,0.09792486301490344,16,16
eeg_gaze,loso,5,1,10.0 to 12.0 dB,517,0.418560606060606,0.12412168468038594,0.23205492424242424,0.18650568181818178,0.1327375146174473,15,16
eeg_gaze,loso,5,2,12.0 to 14.0 dB,1056,0.5246212121212122,0.10019995504857045,0.3304924242424243,0.19412878787878785,0.09166216649359407,16,16
eeg_gaze,loso,5,3,14.0 to 18.0 dB,1056,0.5511363636363636,0.08484763933561407,0.3541193181818182,0.19701704545454543,0.07407287223034756,16,16
eeg_gaze,loso,10,0,3.0 to 10.0 dB,400,0.52,0.13784048752090222,0.266625,0.253375,0.12486936924242072,16,16
eeg_gaze,loso,10,1,10.0 to 12.0 dB,235,0.4041666666666667,0.21011736138538284,0.239375,0.16479166666666667,0.18508244690617687,13,16
eeg_gaze,loso,10,2,12.0 to 14.0 dB,480,0.5666666666666667,0.1513825177048746,0.2839583333333333,0.28270833333333334,0.13315205776145975,16,16
eeg_gaze,loso,10,3,14.0 to 18.0 dB,480,0.5375000000000001,0.11599509089229211,0.2732291666666667,0.2642708333333333,0.09867167912028589,16,16
eeg_gaze,loso,15,0,3.0 to 10.0 dB,240,0.6,0.16832508230603463,0.280625,0.31937499999999996,0.1711002741653106,16,16
eeg_gaze,loso,15,1,10.0 to 12.0 dB,141,0.5243055555555556,0.17343741310753022,0.2434027777777778,0.2809027777777778,0.147378962030115,16,16
eeg_gaze,loso,15,2,12.0 to 14.0 dB,288,0.5555555555555556,0.17010345435994292,0.25711805555555556,0.29843749999999997,0.1481267051719845,16,16
eeg_gaze,loso,15,3,14.0 to 18.0 dB,288,0.545138888888889,0.13779954745128076,0.25069444444444444,0.29444444444444445,0.14348640620432343,15,16
eeg_gaze,loso,20,0,3.0 to 10.0 dB,160,0.66875,0.15699820858850588,0.268125,0.400625,0.16771325044551488,16,16
eeg_gaze,loso,20,1,10.0 to 12.0 dB,94,0.45833333333333326,0.27322660517925007,0.20234375,0.2559895833333333,0.2678844619624989,12,16
eeg_gaze,loso,20,2,12.0 to 14.0 dB,192,0.65625,0.21220363320274338,0.26588541666666665,0.39036458333333335,0.19454205681718212,16,16
eeg_gaze,loso,20,3,14.0 to 18.0 dB,192,0.59375,0.1439611975113047,0.2559895833333333,0.3377604166666667,0.13929127366518992,15,16
eeg_gaze,loso,30,0,3.0 to 10.0 dB,80,0.6625,0.1964529205687714,0.29,0.3725,0.20926956300427446,16,16
eeg_gaze,loso,30,1,10.0 to 12.0 dB,47,0.5416666666666666,0.3090082702956526,0.2875,0.25416666666666665,0.3111638100208099,13,16
eeg_gaze,loso,30,2,12.0 to 14.0 dB,96,0.6145833333333333,0.28086393255651587,0.26979166666666665,0.3447916666666667,0.2532749898551199,14,16
eeg_gaze,loso,30,3,14.0 to 18.0 dB,96,0.6458333333333333,0.16535945694153692,0.24322916666666666,0.40260416666666665,0.16080091291329787,15,16
eeg_gaze_imu,loso,5,0,3.0 to 10.0 dB,880,0.47613636363636364,0.13879927090336527,0.2894886363636364,0.18664772727272722,0.12323955320502243,14,16
eeg_gaze_imu,loso,5,1,10.0 to 12.0 dB,517,0.4649621212121212,0.16077024465973871,0.2596117424242424,0.2053503787878788,0.15339540454053388,15,16
eeg_gaze_imu,loso,5,2,12.0 to 14.0 dB,1056,0.5075757575757576,0.1492251182090319,0.31335227272727273,0.19422348484848484,0.1272075711985139,16,16
eeg_gaze_imu,loso,5,3,14.0 to 18.0 dB,1056,0.5700757575757576,0.11525053059561663,0.32315340909090906,0.24692234848484848,0.0904329659102167,16,16
eeg_gaze_imu,loso,10,0,3.0 to 10.0 dB,400,0.5375000000000001,0.15746031245999736,0.28525,0.25225,0.15184675663312666,15,16
eeg_gaze_imu,loso,10,1,10.0 to 12.0 dB,235,0.5125000000000001,0.1790697412245358,0.24,0.2725,0.17559620661556952,15,16
eeg_gaze_imu,loso,10,2,12.0 to 14.0 dB,480,0.5520833333333333,0.16913536245662328,0.2860416666666667,0.2660416666666667,0.13400595317414488,15,16
eeg_gaze_imu,loso,10,3,14.0 to 18.0 dB,480,0.5708333333333333,0.1485461955831324,0.2867708333333333,0.2840625,0.12948344053016117,16,16
eeg_gaze_imu,loso,15,0,3.0 to 10.0 dB,240,0.6208333333333333,0.14086784586980805,0.2797916666666667,0.34104166666666663,0.1622229208270726,15,16
eeg_gaze_imu,loso,15,1,10.0 to 12.0 dB,141,0.5243055555555556,0.1778306670458594,0.26128472222222227,0.26302083333333337,0.16356110921820097,15,16
eeg_gaze_imu,loso,15,2,12.0 to 14.0 dB,288,0.5625,0.18517071702740812,0.2763888888888889,0.2861111111111111,0.15605079894653487,15,16
eeg_gaze_imu,loso,15,3,14.0 to 18.0 dB,288,0.5659722222222222,0.16575997586500016,0.2552083333333333,0.31076388888888884,0.1610688252697133,15,16
eeg_gaze_imu,loso,20,0,3.0 to 10.0 dB,160,0.6499999999999999,0.13228756555322954,0.28031249999999996,0.3696875,0.12429135063933452,16,16
eeg_gaze_imu,loso,20,1,10.0 to 12.0 dB,94,0.515625,0.19591919660212528,0.21744791666666669,0.2981770833333333,0.19291356610854327,16,16
eeg_gaze_imu,loso,20,2,12.0 to 14.0 dB,192,0.6197916666666667,0.19536457639074012,0.2552083333333333,0.36458333333333337,0.1857324090668556,15,16
eeg_gaze_imu,loso,20,3,14.0 to 18.0 dB,192,0.5729166666666666,0.10974639325888269,0.27031249999999996,0.3026041666666667,0.12009359594996914,16,16
eeg_gaze_imu,loso,30,0,3.0 to 10.0 dB,80,0.7125,0.2117634293262177,0.26,0.4525,0.22782943181248555,16,16
eeg_gaze_imu,loso,30,1,10.0 to 12.0 dB,47,0.5520833333333333,0.2808639325565159,0.26249999999999996,0.2895833333333333,0.29462045970668393,14,16
eeg_gaze_imu,loso,30,2,12.0 to 14.0 dB,96,0.6041666666666667,0.22726483572157738,0.2708333333333333,0.33333333333333337,0.2103031872215815,15,16
eeg_gaze_imu,loso,30,3,14.0 to 18.0 dB,96,0.6145833333333333,0.16371076714064284,0.2359375,0.37864583333333335,0.14421629534747454,16,16
eeg_gaze_imu_video,loso,5,0,3.0 to 10.0 dB,880,0.4875,0.12551032192250527,0.2819318181818182,0.20556818181818176,0.1253292667468608,15,16
eeg_gaze_imu_video,loso,5,1,10.0 to 12.0 dB,517,0.5227272727272727,0.20898657915354127,0.2540246212121212,0.2687026515151515,0.19801418844810575,15,16
eeg_gaze_imu_video,loso,5,2,12.0 to 14.0 dB,1056,0.5700757575757576,0.18991405854409657,0.29772727272727273,0.27234848484848484,0.17421524821010145,15,16
eeg_gaze_imu_video,loso,5,3,14.0 to 18.0 dB,1056,0.5767045454545454,0.14096495613820123,0.3066287878787879,0.2700757575757575,0.14130539537204112,16,16
eeg_gaze_imu_video,loso,10,0,3.0 to 10.0 dB,400,0.5475000000000001,0.13908181045701123,0.26525,0.28225,0.1346400293374894,16,16
eeg_gaze_imu_video,loso,10,1,10.0 to 12.0 dB,235,0.5499999999999999,0.20749832663314555,0.23635416666666664,0.31364583333333335,0.1923829178122949,16,16
eeg_gaze_imu_video,loso,10,2,12.0 to 14.0 dB,480,0.5770833333333334,0.16862135013758556,0.2728125,0.3042708333333333,0.15449960530109597,16,16
eeg_gaze_imu_video,loso,10,3,14.0 to 18.0 dB,480,0.5541666666666667,0.14994211846205482,0.2632291666666667,0.29093749999999996,0.14440366929154227,16,16
eeg_gaze_imu_video,loso,15,0,3.0 to 10.0 dB,240,0.5916666666666666,0.1266557012797555,0.255625,0.3360416666666667,0.12742764150467686,16,16
eeg_gaze_imu_video,loso,15,1,10.0 to 12.0 dB,141,0.517361111111111,0.22110722881851344,0.24097222222222223,0.2763888888888889,0.20393978323315237,14,16
eeg_gaze_imu_video,loso,15,2,12.0 to 14.0 dB,288,0.5868055555555556,0.17674259156422797,0.2710069444444444,0.31579861111111107,0.15866412433162969,16,16
eeg_gaze_imu_video,loso,15,3,14.0 to 18.0 dB,288,0.5694444444444444,0.15896559919804995,0.24739583333333331,0.3220486111111111,0.14074958044775526,16,16
eeg_gaze_imu_video,loso,20,0,3.0 to 10.0 dB,160,0.66875,0.18275239396516807,0.26593750000000005,0.4028125,0.15170869238033133,16,16
eeg_gaze_imu_video,loso,20,1,10.0 to 12.0 dB,94,0.546875,0.2281582928521824,0.20859375000000002,0.33828125,0.22961707040949178,15,16
eeg_gaze_imu_video,loso,20,2,12.0 to 14.0 dB,192,0.5989583333333333,0.20030088044822303,0.2567708333333334,0.3421875,0.20419788770638644,15,16
eeg_gaze_imu_video,loso,20,3,14.0 to 18.0 dB,192,0.5625,0.10825317547305482,0.26249999999999996,0.30000000000000004,0.11630337782904006,16,16
eeg_gaze_imu_video,loso,30,0,3.0 to 10.0 dB,80,0.7125000000000001,0.1996089927833914,0.269375,0.443125,0.2325865094432607,16,16
eeg_gaze_imu_video,loso,30,1,10.0 to 12.0 dB,47,0.5833333333333333,0.3004626062886657,0.24791666666666667,0.3354166666666667,0.2952091419654886,14,16
eeg_gaze_imu_video,loso,30,2,12.0 to 14.0 dB,96,0.6458333333333334,0.26269833776913526,0.2921875,0.3536458333333333,0.24132462774209582,13,16
eeg_gaze_imu_video,loso,30,3,14.0 to 18.0 dB,96,0.71875,0.22606806681469485,0.23020833333333335,0.4885416666666667,0.23230567969691238,16,16
eeg_gaze_video,loso,5,0,3.0 to 10.0 dB,880,0.4852272727272727,0.1473903500547312,0.28414772727272725,0.20107954545454543,0.1422651823260798,14,16
eeg_gaze_video,loso,5,1,10.0 to 12.0 dB,517,0.5151515151515151,0.20608288649599157,0.24460227272727275,0.27054924242424244,0.17696000708832677,16,16
eeg_gaze_video,loso,5,2,12.0 to 14.0 dB,1056,0.5596590909090908,0.15576140319993778,0.30501893939393937,0.2546401515151515,0.15555662845109963,15,16
eeg_gaze_video,loso,5,3,14.0 to 18.0 dB,1056,0.5615530303030303,0.15041921351903192,0.3168087121212121,0.24474431818181816,0.14913001187479236,15,16
eeg_gaze_video,loso,10,0,3.0 to 10.0 dB,400,0.56,0.14560219778561037,0.270875,0.289125,0.13019402588060636,16,16
eeg_gaze_video,loso,10,1,10.0 to 12.0 dB,235,0.4770833333333333,0.2060605190229317,0.24197916666666666,0.23510416666666667,0.19098199154305098,15,16
eeg_gaze_video,loso,10,2,12.0 to 14.0 dB,480,0.6041666666666666,0.17593993608931177,0.28885416666666663,0.3153125,0.16548772481961382,16,16
eeg_gaze_video,loso,10,3,14.0 to 18.0 dB,480,0.6020833333333333,0.1356408400888169,0.28197916666666667,0.32010416666666663,0.12853537768245837,16,16
eeg_gaze_video,loso,15,0,3.0 to 10.0 dB,240,0.5958333333333333,0.16909686573085855,0.26375,0.3320833333333333,0.17385688159453966,16,16
eeg_gaze_video,loso,15,1,10.0 to 12.0 dB,141,0.576388888888889,0.22979711260797636,0.2387152777777778,0.33767361111111105,0.2134893652075273,15,16
eeg_gaze_video,loso,15,2,12.0 to 14.0 dB,288,0.611111111111111,0.17894581564896006,0.25625000000000003,0.35486111111111107,0.16768352991186614,15,16
eeg_gaze_video,loso,15,3,14.0 to 18.0 dB,288,0.5902777777777778,0.1777289429454129,0.24687499999999998,0.3434027777777777,0.1633402864874885,15,16
eeg_gaze_video,loso,20,0,3.0 to 10.0 dB,160,0.6499999999999999,0.08660254037844387,0.27156250000000004,0.3784374999999999,0.09355343977508256,16,16
eeg_gaze_video,loso,20,1,10.0 to 12.0 dB,94,0.515625,0.2605728698197706,0.20598958333333334,0.3096354166666667,0.25896980880145026,15,16
eeg_gaze_video,loso,20,2,12.0 to 14.0 dB,192,0.6354166666666667,0.2162556197086114,0.259375,0.3760416666666667,0.21293103751240944,16,16
eeg_gaze_video,loso,20,3,14.0 to 18.0 dB,192,0.59375,0.17399263633843817,0.27265625000000004,0.32109374999999996,0.1790240999522558,16,16
eeg_gaze_video,loso,30,0,3.0 to 10.0 dB,80,0.7125,0.1996089927833914,0.28312499999999996,0.42937500000000006,0.21510081212073562,16,16
eeg_gaze_video,loso,30,1,10.0 to 12.0 dB,47,0.48958333333333326,0.28546228345926505,0.2578125,0.23177083333333331,0.3013600356612502,13,16
eeg_gaze_video,loso,30,2,12.0 to 14.0 dB,96,0.6770833333333333,0.2532342871071504,0.26822916666666663,0.40885416666666663,0.21093106986084076,16,16
eeg_gaze_video,loso,30,3,14.0 to 18.0 dB,96,0.6145833333333333,0.19291936643179308,0.22708333333333336,0.3875,0.1878931064314081,16,16
eeg_imu,loso,5,0,3.0 to 10.0 dB,880,0.4431818181818182,0.07269175268963397,0.2994318181818182,0.14374999999999993,0.05620843275900102,16,16
eeg_imu,loso,5,1,10.0 to 12.0 dB,517,0.39678030303030304,0.14534982321563183,0.2534564393939394,0.14332386363636362,0.13863046920684619,12,16
eeg_imu,loso,5,2,12.0 to 14.0 dB,1056,0.4952651515151515,0.09844386530719296,0.3290719696969697,0.16619318181818182,0.0911989834209801,16,16
eeg_imu,loso,5,3,14.0 to 18.0 dB,1056,0.5558712121212122,0.13162197497084208,0.337405303030303,0.21846590909090907,0.12490436969807746,14,16
eeg_imu,loso,10,0,3.0 to 10.0 dB,400,0.545,0.12072696467649636,0.28625,0.25875000000000004,0.11215363346766791,16,16
eeg_imu,loso,10,1,10.0 to 12.0 dB,235,0.4083333333333333,0.17931195659458343,0.23520833333333335,0.17312499999999997,0.17011625416330903,12,16
eeg_imu,loso,10,2,12.0 to 14.0 dB,480,0.5083333333333333,0.1800848565414526,0.2972916666666667,0.21104166666666668,0.17732275481449075,15,16
eeg_imu,loso,10,3,14.0 to 18.0 dB,480,0.53125,0.08372304707254216,0.2839583333333333,0.24729166666666666,0.08696637880046902,16,16
eeg_imu,loso,15,0,3.0 to 10.0 dB,240,0.6166666666666666,0.1301708279317776,0.27375,0.34291666666666665,0.1252157859678865,16,16
eeg_imu,loso,15,1,10.0 to 12.0 dB,141,0.48263888888888884,0.20290972685676362,0.24930555555555556,0.23333333333333334,0.18906242028872924,12,16
eeg_imu,loso,15,2,12.0 to 14.0 dB,288,0.5173611111111112,0.15051192223398085,0.25659722222222225,0.2607638888888889,0.15123550779973743,14,16
eeg_imu,loso,15,3,14.0 to 18.0 dB,288,0.5868055555555556,0.1110568443869408,0.23767361111111113,0.34913194444444445,0.10811819249068912,16,16
eeg_imu,loso,20,0,3.0 to 10.0 dB,160,0.6687500000000001,0.14882351124738322,0.27125,0.39749999999999996,0.13813489783541305,16,16
eeg_imu,loso,20,1,10.0 to 12.0 dB,94,0.46354166666666663,0.21442905052332192,0.2125,0.25104166666666666,0.20990811068311666,13,16
eeg_imu,loso,20,2,12.0 to 14.0 dB,192,0.59375,0.1280021429942136,0.25312500000000004,0.34062499999999996,0.11872715423515287,16,16
eeg_imu,loso,20,3,14.0 to 18.0 dB,192,0.59375,0.10974639325888269,0.2515625,0.3421875,0.11508295430483081,16,16
eeg_imu,loso,30,0,3.0 to 10.0 dB,80,0.6875,0.186664806538351,0.29687500000000006,0.390625,0.18998252386732842,16,16
eeg_imu,loso,30,1,10.0 to 12.0 dB,47,0.5833333333333334,0.3227486121839514,0.27812499999999996,0.3052083333333333,0.33833326919129114,13,16
eeg_imu,loso,30,2,12.0 to 14.0 dB,96,0.6041666666666667,0.21143524093942126,0.27239583333333334,0.33177083333333335,0.18934781043353055,14,16
eeg_imu,loso,30,3,14.0 to 18.0 dB,96,0.6354166666666667,0.17891212538872572,0.228125,0.40729166666666666,0.18892686250239804,16,16
eeg_imu_video,loso,5,0,3.0 to 10.0 dB,880,0.42954545454545456,0.11514902309903093,0.2773295454545454,0.1522159090909091,0.09599251474670666,15,16
eeg_imu_video,loso,5,1,10.0 to 12.0 dB,517,0.42424242424242425,0.15075567228888181,0.25350378787878786,0.17073863636363634,0.12446593756426354,14,16
eeg_imu_video,loso,5,2,12.0 to 14.0 dB,1056,0.5236742424242424,0.12332076265882733,0.3269412878787879,0.19673295454545453,0.11444495110798085,16,16
eeg_imu_video,loso,5,3,14.0 to 18.0 dB,1056,0.584280303030303,0.13099367160111539,0.3510416666666667,0.23323863636363634,0.11440456095330812,16,16
eeg_imu_video,loso,10,0,3.0 to 10.0 dB,400,0.565,0.13105342422081157,0.28012499999999996,0.284875,0.13716772351759726,16,16
eeg_imu_video,loso,10,1,10.0 to 12.0 dB,235,0.4979166666666667,0.18762727161997414,0.24729166666666666,0.250625,0.16639235238001643,15,16
eeg_imu_video,loso,10,2,12.0 to 14.0 dB,480,0.5291666666666666,0.16110512440984337,0.2889583333333333,0.24020833333333333,0.14289282478487153,15,16
eeg_imu_video,loso,10,3,14.0 to 18.0 dB,480,0.6166666666666667,0.14481789330818973,0.27375000000000005,0.34291666666666665,0.1282325090953495,16,16
eeg_imu_video,loso,15,0,3.0 to 10.0 dB,240,0.6166666666666667,0.15545631755148026,0.276875,0.3397916666666667,0.16688514326226486,16,16
eeg_imu_video,loso,15,1,10.0 to 12.0 dB,141,0.5555555555555556,0.2324055629261321,0.2621527777777778,0.2934027777777778,0.22705864417264213,14,16
eeg_imu_video,loso,15,2,12.0 to 14.0 dB,288,0.6111111111111112,0.1469861839480328,0.2704861111111111,0.34062499999999996,0.13295619042575965,16,16
eeg_imu_video,loso,15,3,14.0 to 18.0 dB,288,0.5868055555555556,0.16312055064647704,0.24062499999999998,0.3461805555555556,0.15906833240780516,16,16
eeg_imu_video,loso,20,0,3.0 to 10.0 dB,160,0.66875,0.14882351124738324,0.2790625,0.38968749999999996,0.14407537903385853,16,16
eeg_imu_video,loso,20,1,10.0 to 12.0 dB,94,0.53125,0.30172392412417165,0.19244791666666666,0.3388020833333333,0.31379840938374887,12,16
eeg_imu_video,loso,20,2,12.0 to 14.0 dB,192,0.6354166666666667,0.13779954745128076,0.26901041666666664,0.36640625,0.13172424860013754,16,16
eeg_imu_video,loso,20,3,14.0 to 18.0 dB,192,0.5885416666666667,0.1365139835633454,0.2635416666666667,0.32499999999999996,0.12754356554178306,16,16
eeg_imu_video,loso,30,0,3.0 to 10.0 dB,80,0.6875,0.2117634293262177,0.28125,0.40625,0.24979679241335345,15,16
eeg_imu_video,loso,30,1,10.0 to 12.0 dB,47,0.5416666666666666,0.26020824993326663,0.22552083333333334,0.3161458333333333,0.25954803047129404,15,16
eeg_imu_video,loso,30,2,12.0 to 14.0 dB,96,0.625,0.19094065395649334,0.259375,0.365625,0.1599390888831676,16,16
eeg_imu_video,loso,30,3,14.0 to 18.0 dB,96,0.6770833333333333,0.18132182484926263,0.25104166666666666,0.42604166666666665,0.16461958988832406,16,16
eeg_video,loso,5,0,3.0 to 10.0 dB,880,0.4602272727272727,0.09994187360247732,0.2788068181818182,0.18142045454545452,0.09400741176050477,16,16
eeg_video,loso,5,1,10.0 to 12.0 dB,528,0.43939393939393934,0.16034856430694489,0.25681818181818183,0.18257575757575756,0.1588508289515225,15,16
eeg_video,loso,5,2,12.0 to 14.0 dB,1056,0.5445075757575757,0.11075497836153504,0.35028409090909085,0.19422348484848487,0.10642384868419172,15,16
eeg_video,loso,5,3,14.0 to 18.0 dB,1056,0.5482954545454546,0.10609019473632762,0.35520833333333335,0.1930871212121212,0.10628556871018206,15,16
eeg_video,loso,10,0,3.0 to 10.0 dB,400,0.5375000000000001,0.08242420760917268,0.268625,0.26887500000000003,0.08617995344046087,16,16
eeg_video,loso,10,1,10.0 to 12.0 dB,240,0.425,0.1578941276791368,0.21479166666666666,0.21020833333333333,0.17030393072223685,14,16
eeg_video,loso,10,2,12.0 to 14.0 dB,480,0.5791666666666666,0.1423390904378227,0.30833333333333335,0.27083333333333337,0.12727240034229292,16,16
eeg_video,loso,10,3,14.0 to 18.0 dB,480,0.5666666666666667,0.11055415967851331,0.2813541666666666,0.28531249999999997,0.10929575502265501,16,16
eeg_video,loso,15,0,3.0 to 10.0 dB,240,0.5875,0.11110243021644485,0.27208333333333334,0.3154166666666667,0.11495092551944841,16,16
eeg_video,loso,15,1,10.0 to 12.0 dB,144,0.47916666666666663,0.1788110165219963,0.22951388888888888,0.24965277777777778,0.17726128041818334,15,16
eeg_video,loso,15,2,12.0 to 14.0 dB,288,0.607638888888889,0.12950039027063553,0.2763888888888889,0.33125,0.10542069235469483,16,16
eeg_video,loso,15,3,14.0 to 18.0 dB,288,0.5381944444444444,0.10886399587910338,0.2586805555555556,0.27951388888888884,0.11128837855841235,16,16
eeg_video,loso,20,0,3.0 to 10.0 dB,160,0.6375,0.14947825928876748,0.256875,0.380625,0.16113731527799513,16,16
eeg_video,loso,20,1,10.0 to 12.0 dB,96,0.5104166666666667,0.2317562027217395,0.203125,0.30729166666666663,0.23284687013261648,15,16
eeg_video,loso,20,2,12.0 to 14.0 dB,192,0.6197916666666667,0.16129023507502108,0.2596354166666667,0.36015625,0.16955165007828982,15,16
eeg_video,loso,20,3,14.0 to 18.0 dB,192,0.625,0.14433756729740643,0.2518229166666667,0.3731770833333333,0.16388941762950254,15,16
eeg_video,loso,30,0,3.0 to 10.0 dB,80,0.7250000000000001,0.15612494995995996,0.2875,0.4375,0.16099301227071938,16,16
eeg_video,loso,30,1,10.0 to 12.0 dB,48,0.5208333333333333,0.2879223950226094,0.2625,0.2583333333333333,0.27981888983968023,14,16
eeg_video,loso,30,2,12.0 to 14.0 dB,96,0.65625,0.17147997534535758,0.27239583333333334,0.3838541666666667,0.16678299976441446,16,16
eeg_video,loso,30,3,14.0 to 18.0 dB,96,0.59375,0.18604761561970576,0.22760416666666666,0.36614583333333334,0.18579009096102395,15,16
gaze,loso,5,0,3.0 to 10.0 dB,880,0.34545454545454546,0.1434521258005409,0.2665909090909091,0.07886363636363636,0.13273135890347704,11,16
gaze,loso,5,1,10.0 to 12.0 dB,517,0.3143939393939394,0.20408899686400298,0.23797348484848485,0.07642045454545454,0.18191992793119025,11,16
gaze,loso,5,2,12.0 to 14.0 dB,1056,0.3541666666666667,0.12810368615974133,0.2362215909090909,0.11794507575757575,0.10432829016118157,15,16
gaze,loso,5,3,14.0 to 18.0 dB,1056,0.33238636363636365,0.11766455736604342,0.2440814393939394,0.08830492424242425,0.12384393341057187,12,16
gaze,loso,10,0,3.0 to 10.0 dB,400,0.345,0.14203872711341792,0.2775,0.0675,0.09917787051555402,12,16
gaze,loso,10,1,10.0 to 12.0 dB,235,0.31875000000000003,0.20445345503996204,0.2505208333333333,0.06822916666666666,0.18463126611460837,12,16
gaze,loso,10,2,12.0 to 14.0 dB,480,0.3645833333333333,0.1689299452106964,0.23010416666666667,0.13447916666666665,0.15181736875226468,13,16
gaze,loso,10,3,14.0 to 18.0 dB,480,0.3520833333333333,0.10538866558284782,0.24614583333333334,0.10593749999999999,0.10237113978273696,14,16
gaze,loso,15,0,3.0 to 10.0 dB,240,0.30416666666666664,0.17633419974582354,0.23645833333333333,0.06770833333333334,0.11475649793996176,11,16
gaze,loso,15,1,10.0 to 12.0 dB,141,0.3506944444444444,0.17755927327146662,0.2685763888888889,0.08211805555555554,0.18162336159334252,10,16
gaze,loso,15,2,12.0 to 14.0 dB,288,0.3993055555555556,0.19166540861100811,0.24670138888888893,0.15260416666666665,0.1522321974060788,13,16
gaze,loso,15,3,14.0 to 18.0 dB,288,0.375,0.11368545516489514,0.26180555555555557,0.11319444444444443,0.10731132955386065,14,16
gaze,loso,20,0,3.0 to 10.0 dB,160,0.32499999999999996,0.2222048604328897,0.23781249999999998,0.08718749999999999,0.1741404672778559,12,16
gaze,loso,20,1,10.0 to 12.0 dB,94,0.43229166666666663,0.21893593288524688,0.2518229166666667,0.18046874999999998,0.21267720731086492,13,16
gaze,loso,20,2,12.0 to 14.0 dB,192,0.3854166666666667,0.12456521607397292,0.25651041666666663,0.12890625,0.14509836185744926,13,16
gaze,loso,20,3,14.0 to 18.0 dB,192,0.359375,0.12747123177625436,0.25859374999999996,0.10078124999999999,0.14429409973343313,11,16
gaze,loso,30,0,3.0 to 10.0 dB,80,0.4,0.21213203435596426,0.26437499999999997,0.135625,0.18496515719183437,11,16
gaze,loso,30,1,10.0 to 12.0 dB,47,0.28125,0.1836999175890458,0.23333333333333334,0.04791666666666666,0.17929985359726314,10,16
gaze,loso,30,2,12.0 to 14.0 dB,96,0.38541666666666663,0.19291936643179308,0.25885416666666666,0.12656249999999997,0.181075556618946,13,16
gaze,loso,30,3,14.0 to 18.0 dB,96,0.32291666666666663,0.1995546256319585,0.24010416666666667,0.08281249999999998,0.2095893129945508,8,16
gaze_imu,loso,5,0,3.0 to 10.0 dB,880,0.4193181818181818,0.1941785782416121,0.29357954545454545,0.12573863636363636,0.1896232995668949,11,16
gaze_imu,loso,5,1,10.0 to 12.0 dB,517,0.42140151515151514,0.21132281768881758,0.23868371212121212,0.18271780303030302,0.19162085082988087,12,16
gaze_imu,loso,5,2,12.0 to 14.0 dB,1056,0.4005681818181818,0.1866443400596668,0.2297348484848485,0.17083333333333334,0.1540863743708654,13,16
gaze_imu,loso,5,3,14.0 to 18.0 dB,1056,0.39109848484848486,0.18040953293908402,0.23825757575757572,0.15284090909090908,0.18090452652101965,12,16
gaze_imu,loso,10,0,3.0 to 10.0 dB,400,0.4525,0.15473768125443782,0.293375,0.159125,0.15676729370311906,13,16
gaze_imu,loso,10,1,10.0 to 12.0 dB,235,0.4770833333333333,0.1978069871533022,0.22875,0.24833333333333332,0.18390441357763368,13,16
gaze_imu,loso,10,2,12.0 to 14.0 dB,480,0.3979166666666667,0.1977191997365062,0.23125,0.16666666666666666,0.16728323453220156,13,16
gaze_imu,loso,10,3,14.0 to 18.0 dB,480,0.36250000000000004,0.10399986645290571,0.24302083333333335,0.11947916666666664,0.10052072538854308,14,16
gaze_imu,loso,15,0,3.0 to 10.0 dB,240,0.375,0.1613743060919757,0.2527083333333333,0.12229166666666666,0.15310997658727388,14,16
gaze_imu,loso,15,1,10.0 to 12.0 dB,141,0.4097222222222222,0.25067424510805614,0.246875,0.1628472222222222,0.2418957945570421,12,16
gaze_imu,loso,15,2,12.0 to 14.0 dB,288,0.4305555555555556,0.13537214367790226,0.25746527777777783,0.17309027777777777,0.12719795510157234,15,16
gaze_imu,loso,15,3,14.0 to 18.0 dB,288,0.39583333333333337,0.17333311075484287,0.25659722222222225,0.13923611111111112,0.16762420250038146,13,16
gaze_imu,loso,20,0,3.0 to 10.0 dB,160,0.375,0.16770509831248423,0.2653125,0.1096875,0.118486137770416,13,16
gaze_imu,loso,20,1,10.0 to 12.0 dB,94,0.34895833333333326,0.19591919660212528,0.22552083333333334,0.12343749999999999,0.18557387413215437,12,16
gaze_imu,loso,20,2,12.0 to 14.0 dB,192,0.3645833333333333,0.1136324178607887,0.24791666666666667,0.11666666666666667,0.09919379880931178,13,16
gaze_imu,loso,20,3,14.0 to 18.0 dB,192,0.3125,0.16535945694153692,0.2572916666666667,0.05520833333333333,0.1576362120428622,11,16
gaze_imu,loso,30,0,3.0 to 10.0 dB,80,0.30000000000000004,0.18708286933869706,0.24375,0.056250000000000015,0.19858483703445234,10,16
gaze_imu,loso,30,1,10.0 to 12.0 dB,47,0.32291666666666663,0.25323428710715035,0.25260416666666663,0.07031249999999997,0.23538843396341716,9,16
gaze_imu,loso,30,2,12.0 to 14.0 dB,96,0.40625,0.15555400544862583,0.28125,0.12499999999999996,0.13931877914417076,12,16
gaze_imu,loso,30,3,14.0 to 18.0 dB,96,0.34375,0.16103775868479486,0.22812499999999997,0.115625,0.16878536152133836,10,16
gaze_imu_video,loso,5,0,3.0 to 10.0 dB,880,0.44545454545454544,0.20225995873897262,0.2885795454545455,0.156875,0.1904173777874009,13,16
gaze_imu_video,loso,5,1,10.0 to 12.0 dB,517,0.49810606060606066,0.25823639654660885,0.23603219696969696,0.26207386363636365,0.2288610015016769,13,16
gaze_imu_video,loso,5,2,12.0 to 14.0 dB,1056,0.4327651515151515,0.23312963055812738,0.2290719696969697,0.2036931818181818,0.19995961968247067,13,16
gaze_imu_video,loso,5,3,14.0 to 18.0 dB,1056,0.4384469696969697,0.1994647300823681,0.242282196969697,0.19616477272727273,0.205173955278899,12,16
gaze_imu_video,loso,10,0,3.0 to 10.0 dB,400,0.41000000000000003,0.23685438564654024,0.280875,0.129125,0.2157208482622855,11,16
gaze_imu_video,loso,10,1,10.0 to 12.0 dB,235,0.525,0.28370074217582003,0.24416666666666667,0.2808333333333333,0.25074749361769416,13,16
gaze_imu_video,loso,10,2,12.0 to 14.0 dB,480,0.45625000000000004,0.21236719706416263,0.23875000000000002,0.2175,0.20487208068559376,12,16
gaze_imu_video,loso,10,3,14.0 to 18.0 dB,480,0.4666666666666667,0.17118865486811782,0.2577083333333333,0.20895833333333333,0.17600985905940358,15,16
gaze_imu_video,loso,15,0,3.0 to 10.0 dB,240,0.4208333333333334,0.22075470298249342,0.2685416666666667,0.15229166666666666,0.20264130443690123,11,16
gaze_imu_video,loso,15,1,10.0 to 12.0 dB,141,0.4930555555555556,0.27769095865461396,0.23124999999999998,0.2618055555555555,0.25237968500106056,13,16
gaze_imu_video,loso,15,2,12.0 to 14.0 dB,288,0.5208333333333333,0.22726483572157738,0.24027777777777778,0.28055555555555556,0.2122002242816562,14,16
gaze_imu_video,loso,15,3,14.0 to 18.0 dB,288,0.4409722222222222,0.21378853165086312,0.2598958333333333,0.18107638888888888,0.2128814177488546,12,16
gaze_imu_video,loso,20,0,3.0 to 10.0 dB,160,0.3875,0.22043990110685496,0.2740625,0.11343750000000001,0.19376789231900624,12,16
gaze_imu_video,loso,20,1,10.0 to 12.0 dB,94,0.49999999999999994,0.3004626062886658,0.19921875,0.30078125,0.27170620059193384,14,16
gaze_imu_video,loso,20,2,12.0 to 14.0 dB,192,0.5,0.2104063528825433,0.240625,0.259375,0.2034239253450237,14,16
gaze_imu_video,loso,20,3,14.0 to 18.0 dB,192,0.4166666666666667,0.2104063528825433,0.26458333333333334,0.15208333333333332,0.19846962229072293,11,16
gaze_imu_video,loso,30,0,3.0 to 10.0 dB,80,0.38749999999999996,0.28695600708122493,0.276875,0.11062500000000003,0.2794071569860013,9,16
gaze_imu_video,loso,30,1,10.0 to 12.0 dB,47,0.4583333333333333,0.33071891388307384,0.21458333333333335,0.24374999999999997,0.33462639822477974,12,16
gaze_imu_video,loso,30,2,12.0 to 14.0 dB,96,0.4479166666666667,0.20171788261496965,0.24479166666666666,0.203125,0.18488629670241474,14,16
gaze_imu_video,loso,30,3,14.0 to 18.0 dB,96,0.4895833333333333,0.18132182484926263,0.2390625,0.2505208333333333,0.19493296457265338,14,16
gaze_video,loso,5,0,3.0 to 10.0 dB,880,0.42727272727272725,0.17756386349658737,0.2686931818181818,0.15857954545454545,0.17918634073382525,13,16
gaze_video,loso,5,1,10.0 to 12.0 dB,517,0.47632575757575757,0.2606748031913031,0.23110795454545455,0.24521780303030305,0.23907213080104472,13,16
gaze_video,loso,5,2,12.0 to 14.0 dB,1056,0.4981060606060606,0.19343232421078638,0.24109848484848484,0.25700757575757577,0.17960927375558386,13,16
gaze_video,loso,5,3,14.0 to 18.0 dB,1056,0.4696969696969697,0.18487021730170347,0.2507575757575758,0.21893939393939393,0.19581611494552734,14,16
gaze_video,loso,10,0,3.0 to 10.0 dB,400,0.40750000000000003,0.18232868671714828,0.286,0.12150000000000001,0.1551120562690083,13,16
gaze_video,loso,10,1,10.0 to 12.0 dB,235,0.5083333333333333,0.2827199242281229,0.22875,0.2795833333333333,0.25342069491482166,14,16
gaze_video,loso,10,2,12.0 to 14.0 dB,480,0.47916666666666663,0.2074564880750767,0.2475,0.23166666666666666,0.19580762242568597,14,16
gaze_video,loso,10,3,14.0 to 18.0 dB,480,0.5,0.181429508808977,0.2505208333333333,0.24947916666666667,0.1784167627568634,15,16
gaze_video,loso,15,0,3.0 to 10.0 dB,240,0.4125,0.19891197103800018,0.27208333333333334,0.14041666666666666,0.1664743682306011,11,16
gaze_video,loso,15,1,10.0 to 12.0 dB,141,0.5,0.32394177193585005,0.24565972222222224,0.2543402777777778,0.3082253451254465,14,16
gaze_video,loso,15,2,12.0 to 14.0 dB,288,0.4652777777777778,0.1892918495894307,0.2409722222222222,0.22430555555555556,0.17541699656870538,15,16
gaze_video,loso,15,3,14.0 to 18.0 dB,288,0.5034722222222222,0.18989595713715718,0.2597222222222222,0.24374999999999997,0.17900374806407726,15,16
gaze_video,loso,20,0,3.0 to 10.0 dB,160,0.39375,0.2105610065990377,0.2728125,0.1209375,0.18963137555201673,13,16
gaze_video,loso,20,1,10.0 to 12.0 dB,94,0.5,0.31732387941099616,0.23385416666666667,0.26614583333333336,0.30940787914512347,12,16
gaze_video,loso,20,2,12.0 to 14.0 dB,192,0.4791666666666667,0.2491304321479458,0.23072916666666665,0.24843749999999998,0.22420226541222152,12,16
gaze_video,loso,20,3,14.0 to 18.0 dB,192,0.46354166666666663,0.20405768775166389,0.25833333333333336,0.20520833333333333,0.20918834963974453,13,16
gaze_video,loso,30,0,3.0 to 10.0 dB,80,0.45,0.22912878474779202,0.28500000000000003,0.16499999999999998,0.20405268927411863,14,16
gaze_video,loso,30,1,10.0 to 12.0 dB,47,0.47916666666666663,0.3326816546389857,0.22031250000000002,0.2588541666666666,0.33005508733707367,12,16
gaze_video,loso,30,2,12.0 to 14.0 dB,96,0.4270833333333333,0.24978289183920413,0.24270833333333336,0.18437499999999996,0.19768352496267022,14,16
gaze_video,loso,30,3,14.0 to 18.0 dB,96,0.44791666666666663,0.1836999175890458,0.23229166666666667,0.21562499999999998,0.1964943409914562,14,16
imu,loso,5,0,3.0 to 10.0 dB,880,0.3579545454545454,0.14850755469555377,0.2771022727272727,0.08085227272727269,0.14481873421611818,10,16
imu,loso,5,1,10.0 to 12.0 dB,517,0.32954545454545453,0.17762688011656597,0.20790719696969695,0.12163825757575758,0.14516176755275217,13,16
imu,loso,5,2,12.0 to 14.0 dB,1056,0.39109848484848486,0.1563819461252514,0.2428977272727273,0.14820075757575757,0.15691853650120932,13,16
imu,loso,5,3,14.0 to 18.0 dB,1056,0.38162878787878785,0.1401227191957199,0.2506155303030303,0.13101325757575755,0.14532365400480826,12,16
imu,loso,10,0,3.0 to 10.0 dB,400,0.32500000000000007,0.13481468762712764,0.28475,0.04025000000000001,0.111226963907139,12,16
imu,loso,10,1,10.0 to 12.0 dB,235,0.35625,0.173493015389349,0.23135416666666667,0.12489583333333334,0.16194077787325356,13,16
imu,loso,10,2,12.0 to 14.0 dB,480,0.34583333333333327,0.15178338000072486,0.23333333333333334,0.11249999999999999,0.1537833071420808,10,16
imu,loso,10,3,14.0 to 18.0 dB,480,0.36250000000000004,0.17712009422360234,0.2529166666666667,0.10958333333333334,0.1655540990800959,10,16
imu,loso,15,0,3.0 to 10.0 dB,240,0.30833333333333335,0.10507933510765409,0.2902083333333333,0.018124999999999992,0.127769153543499,7,16
imu,loso,15,1,10.0 to 12.0 dB,141,0.38541666666666663,0.1836999175890458,0.26631944444444444,0.11909722222222219,0.18284835632850802,11,16
imu,loso,15,2,12.0 to 14.0 dB,288,0.3993055555555556,0.22585464399929744,0.2314236111111111,0.16788194444444443,0.18742274321436264,11,16
imu,loso,15,3,14.0 to 18.0 dB,288,0.4305555555555555,0.19982631347136331,0.2487847222222222,0.18177083333333333,0.19065496058320794,13,16
imu,loso,20,0,3.0 to 10.0 dB,160,0.3125,0.20879116360612582,0.253125,0.059375,0.1990043576784187,9,16
imu,loso,20,1,10.0 to 12.0 dB,94,0.27083333333333337,0.24913043214794578,0.20546875,0.06536458333333331,0.2541227709277409,10,16
imu,loso,20,2,12.0 to 14.0 dB,192,0.36458333333333337,0.16371076714064284,0.25625,0.10833333333333334,0.1510955363705729,11,16
imu,loso,20,3,14.0 to 18.0 dB,192,0.3072916666666667,0.14043196627825796,0.25859375,0.04869791666666667,0.13542242575894697,10,16
imu,loso,30,0,3.0 to 10.0 dB,80,0.3375,0.2521780125229002,0.22749999999999998,0.11,0.21133504205408057,11,16
imu,loso,30,1,10.0 to 12.0 dB,47,0.35416666666666663,0.2755990949025615,0.24062499999999998,0.11354166666666665,0.27658751063933934,11,16
imu,loso,30,2,12.0 to 14.0 dB,96,0.39583333333333326,0.17554478694117412,0.2609375,0.13489583333333333,0.14155077214112963,14,16
imu,loso,30,3,14.0 to 18.0 dB,96,0.3333333333333333,0.18633899812498247,0.246875,0.08645833333333332,0.19616273272039553,11,16
imu_video,loso,5,0,3.0 to 10.0 dB,880,0.3977272727272727,0.17789808113840708,0.2880113636363637,0.10971590909090906,0.15138503764551464,11,16
imu_video,loso,5,1,10.0 to 12.0 dB,517,0.4100378787878788,0.23603492768396983,0.2290246212121212,0.1810132575757576,0.20846921683403416,12,16
imu_video,loso,5,2,12.0 to 14.0 dB,1056,0.4034090909090909,0.19644999912940458,0.23451704545454546,0.16889204545454545,0.19328326004703864,12,16
imu_video,loso,5,3,14.0 to 18.0 dB,1056,0.44791666666666663,0.14902968513033205,0.23854166666666668,0.209375,0.1521388382712882,15,16
imu_video,loso,10,0,3.0 to 10.0 dB,400,0.35250000000000004,0.1839667089448523,0.27075,0.08175,0.1798163994189629,10,16
imu_video,loso,10,1,10.0 to 12.0 dB,235,0.43124999999999997,0.21456310584275406,0.2396875,0.19156249999999997,0.20075851714151782,14,16
imu_video,loso,10,2,12.0 to 14.0 dB,480,0.43333333333333335,0.23422448870925328,0.25364583333333335,0.1796875,0.2333431685055177,11,16
imu_video,loso,10,3,14.0 to 18.0 dB,480,0.46874999999999994,0.20597624930505404,0.24302083333333332,0.22572916666666668,0.19597687004784517,12,16
imu_video,loso,15,0,3.0 to 10.0 dB,240,0.32916666666666666,0.1802294062823514,0.25416666666666665,0.07500000000000001,0.19337643197774762,11,16
imu_video,loso,15,1,10.0 to 12.0 dB,141,0.375,0.2572258219090574,0.22013888888888888,0.15486111111111112,0.2526317878178623,12,16
imu_video,loso,15,2,12.0 to 14.0 dB,288,0.4375,0.15820535763742385,0.24461805555555555,0.19288194444444448,0.14844541889208404,13,16
imu_video,loso,15,3,14.0 to 18.0 dB,288,0.4583333333333333,0.19885862587883826,0.25659722222222225,0.20173611111111112,0.19404938786441858,14,16
imu_video,loso,20,0,3.0 to 10.0 dB,160,0.375,0.19843134832984427,0.2578125,0.1171875,0.20038220316123384,10,16
imu_video,loso,20,1,10.0 to 12.0 dB,94,0.4114583333333333,0.2593206100938459,0.23958333333333331,0.17187499999999997,0.238555312564566,12,16
imu_video,loso,20,2,12.0 to 14.0 dB,192,0.4375,0.17052818274734272,0.25833333333333336,0.17916666666666664,0.1479166666666667,14,16
imu_video,loso,20,3,14.0 to 18.0 dB,192,0.49479166666666663,0.20722360691747668,0.25703125000000004,0.23776041666666664,0.20262207370522137,15,16
imu_video,loso,30,0,3.0 to 10.0 dB,80,0.35,0.2872281323269014,0.25875000000000004,0.09125000000000001,0.23892663622961754,11,16
imu_video,loso,30,1,10.0 to 12.0 dB,47,0.5416666666666666,0.33071891388307384,0.23854166666666665,0.303125,0.3525314579146724,14,16
imu_video,loso,30,2,12.0 to 14.0 dB,96,0.4375,0.2560042859884272,0.24427083333333335,0.19322916666666665,0.21725118970234278,12,16
imu_video,loso,30,3,14.0 to 18.0 dB,96,0.48958333333333337,0.2317562027217395,0.22552083333333334,0.2640625,0.24563407797049797,15,16
video,loso,5,0,3.0 to 10.0 dB,880,0.3659090909090909,0.1695734805010978,0.26789772727272726,0.09801136363636363,0.13363838076322432,10,16
video,loso,5,1,10.0 to 12.0 dB,528,0.3996212121212121,0.21379715365487786,0.23778409090909092,0.16183712121212118,0.19542460625615163,13,16
video,loso,5,2,12.0 to 14.0 dB,1056,0.4005681818181818,0.16256742173410565,0.24043560606060604,0.16013257575757575,0.15757663966645588,13,16
video,loso,5,3,14.0 to 18.0 dB,1056,0.41382575757575757,0.16758688367223593,0.24725378787878788,0.1665719696969697,0.17653544618505557,13,16
video,loso,10,0,3.0 to 10.0 dB,400,0.40750000000000003,0.186664806538351,0.2775,0.13,0.16236378906640483,13,16
video,loso,10,1,10.0 to 12.0 dB,240,0.45833333333333337,0.24930458836085986,0.23041666666666666,0.2279166666666667,0.21729356422949014,13,16
video,loso,10,2,12.0 to 14.0 dB,480,0.4625,0.22106905658137185,0.23770833333333335,0.22479166666666664,0.20107339991350864,13,16
video,loso,10,3,14.0 to 18.0 dB,480,0.4208333333333333,0.15980674092304253,0.24947916666666667,0.17135416666666664,0.15277891019151024,15,16
video,loso,15,0,3.0 to 10.0 dB,240,0.29583333333333334,0.19715863607201634,0.24333333333333332,0.0525,0.17165655310014302,10,16
video,loso,15,1,10.0 to 12.0 dB,144,0.3819444444444444,0.2965041950029054,0.2076388888888889,0.17430555555555555,0.26551309371121184,11,16
video,loso,15,2,12.0 to 14.0 dB,288,0.4756944444444444,0.16778415872707736,0.2597222222222222,0.21597222222222223,0.16821761011217543,14,16
video,loso,15,3,14.0 to 18.0 dB,288,0.4652777777777778,0.17554478694117412,0.271875,0.19340277777777778,0.1790397779574399,12,16
video,loso,20,0,3.0 to 10.0 dB,160,0.30625,0.21056100659903773,0.2534375,0.0528125,0.20996256176697312,9,16
video,loso,20,1,10.0 to 12.0 dB,96,0.45833333333333326,0.2975595178559521,0.2421875,0.21614583333333331,0.30863539188098277,12,16
video,loso,20,2,12.0 to 14.0 dB,192,0.44270833333333337,0.21392242476992554,0.23984375,0.20286458333333332,0.2123657600399047,13,16
video,loso,20,3,14.0 to 18.0 dB,192,0.45833333333333337,0.16666666666666669,0.253125,0.20520833333333333,0.16476453632549562,13,16
video,loso,30,0,3.0 to 10.0 dB,80,0.35,0.206155281280883,0.22562500000000002,0.12437500000000001,0.205060014081244,9,16
video,loso,30,1,10.0 to 12.0 dB,48,0.4375,0.3274215342812856,0.21458333333333335,0.22291666666666665,0.33782777293565824,11,16
video,loso,30,2,12.0 to 14.0 dB,96,0.46875,0.2515145097427008,0.27499999999999997,0.19374999999999998,0.2509962787462086,11,16
video,loso,30,3,14.0 to 18.0 dB,96,0.5104166666666666,0.18132182484926263,0.2432291666666667,0.26718749999999997,0.17120053903528523,14,16
